"","Comedy","Romance","undefined","Crime","Drama","Fantasy","Thriller","Mystery","Animation","Action","Adventure","Sci-Fi","Short","Sport","Adult","Music","Documentary","War","Horror","Biography","History","Family","Musical","Reality-TV","N/A","Western","Game-Show","Talk-Show","Film-Noir","News"
"Ibra",2658,1442,1641,1205,1209,276,706,445,212,765,377,307,5,1,5,2,22,22,83,76,34,5,2,1,4,0,1,0,0,0
"Saly",212,290,452,121,632,12,187,130,0,136,2,71,2,0,2,4,0,3,0,1,2,0,0,0,0,1,0,0,0,0
"Moussa",576,606,3073,835,1912,201,775,531,120,500,291,335,4,24,6,19,65,28,63,47,72,60,10,2,0,3,0,0,0,0
"Alice",296,233,84,130,201,112,18,14,0,11,7,20,0,0,0,6,0,0,6,0,0,2,0,0,0,0,0,0,0,0
"Kids",1,0,86,0,0,0,0,0,1,1,1,0,0,1,0,0,0,0,0,0,0,1,0,0,0,0,0,0,0,0
"Anton",1038,77,209,75,493,1219,231,130,1288,1338,1120,387,19,0,0,2,0,67,142,0,0,83,0,0,0,0,0,0,0,0
"Ilan",908,84,215,333,646,923,506,586,1045,1189,778,388,25,49,2,4,11,61,623,11,23,31,1,3,0,0,0,0,0,0
"Laure",98,123,207,247,629,126,280,177,52,145,107,126,4,13,1,16,6,21,49,7,154,20,13,0,3,0,0,1,0,0
"Youri",131,23,127,239,375,156,287,134,166,148,119,237,52,1,0,1,14,4,113,45,5,0,0,0,0,0,0,0,0,0
"Pierre",504,60,135,256,613,480,478,333,725,544,360,269,2,2,1,0,13,1,161,17,12,173,0,1,0,0,1,0,0,0
"Arielle",14,11,165,24,259,0,44,0,0,56,0,0,4,0,0,1,16,2,0,0,95,0,1,1,2,0,0,0,0,0
"Audrey",202,41,0,262,523,106,288,263,15,83,71,84,0,3,0,0,7,2,43,3,19,5,0,2,0,0,0,0,0,0
"Elisa",774,402,271,1072,2292,505,373,146,16,451,294,111,1,11,1,221,10,128,16,50,321,17,220,0,27,2,0,0,0,0
"Maxime",541,319,549,499,1129,160,303,277,25,460,349,337,6,19,0,51,36,4,17,27,47,98,7,54,1,6,1,3,0,0
"Violette",1684,1194,408,1228,2376,591,1101,787,27,641,119,317,1,42,3,25,43,68,165,237,232,0,21,0,4,7,0,0,0,0
"Victoria",638,331,77,254,1290,345,96,229,3,66,70,122,0,0,0,0,0,0,43,2,73,3,0,0,14,0,0,0,0,0
"Mazarine",344,122,62,465,805,53,120,228,15,3,1,74,1,1,1,1,1,0,49,6,1,15,0,0,2,0,0,0,0,0
"AnaÃ¯s",309,72,255,122,486,135,164,43,3,140,0,43,5,0,0,224,5,0,42,0,0,2,222,0,0,0,0,0,0,0
"Melanie",83,83,333,20,240,92,35,43,6,120,120,154,1,3,0,0,1,0,33,3,0,13,0,0,0,0,0,0,0,0
"Petit pÃ¨re",0,0,14,27,33,2,29,2,0,29,1,1,0,1,0,0,0,0,0,0,0,1,0,0,0,0,0,0,0,0
"Cloclo",3,3,180,1,2,1,0,1,0,0,0,0,0,0,0,0,0,0,1,0,1,3,0,0,0,0,0,0,0,0
"Caroline",2593,1543,1253,728,1976,519,504,456,106,268,66,189,0,4,0,221,10,3,31,3,100,3,221,0,0,0,0,0,0,0
"Oriane",477,154,1209,263,960,80,241,99,15,38,2,32,0,23,0,149,35,3,1,2,86,34,143,0,0,0,0,0,0,0
"Paul",250,44,844,656,1296,412,651,430,9,247,200,517,0,0,0,60,0,2,90,54,2,3,56,0,0,0,0,0,0,0
"ClÃ©mence",243,642,511,331,1387,281,86,147,4,51,7,50,1,3,2,2,2,1,27,3,1,8,2,0,0,0,0,0,0,0
"Valentin",259,103,35,30,241,7,75,11,7,4,14,2,0,0,0,0,0,0,1,0,0,10,0,192,0,2,191,0,0,0
"Benjamin",423,278,302,39,403,206,237,41,286,324,401,167,3,3,9,10,5,99,214,62,145,163,1,0,0,7,0,0,0,0
"Camille",2380,1631,209,497,1042,928,361,121,860,782,597,173,8,0,0,7,10,45,93,1,50,317,0,0,0,2,0,4,0,0
"bealolo.dervillez",70,117,208,201,546,174,361,105,69,139,57,72,4,2,3,4,21,59,159,14,18,9,1,0,1,2,0,0,0,1
"Loup",1441,107,212,233,697,1315,294,220,1550,1583,1503,801,4,51,0,4,55,6,87,4,2,260,2,0,0,2,0,11,0,0
"colin",299,173,291,352,649,84,348,170,150,171,220,344,3,2,0,2,22,17,65,71,13,19,0,0,0,0,0,2,1,0
"Marie",603,292,452,671,2563,776,771,908,489,810,797,962,30,3,1,7,8,3,317,17,105,617,0,1,0,0,0,0,0,0
"Benjamin2",390,38,81,229,778,464,415,334,397,557,422,234,2,0,0,7,30,4,166,72,10,4,2,10,0,2,1,0,0,0
"ChloÃ©",1525,571,826,1434,2842,723,959,552,1317,1014,841,667,26,14,5,15,52,65,276,112,77,141,0,1,0,10,0,0,0,0
"Emma",1437,434,178,327,1100,1287,448,345,1362,876,988,532,53,0,1,34,44,1,216,3,3,349,22,10,0,0,10,1,0,0
"ThÃ©odore",443,133,233,210,824,517,220,412,628,511,615,504,79,0,0,23,7,1,290,2,2,87,18,0,0,0,0,0,0,0
